{
  "generator-jhipster": {
    "applicationType": "microservice",
    "authenticationType": "jwt",
    "baseName": "jhipsterSampleApplicationRun1",
    "blueprints": [],
    "buildTool": "maven",
    "cacheProvider": "ehcache",
    "clientFramework": "angular",
    "clientPackageManager": "npm",
    "clientTheme": "none",
    "clientThemeVariant": "",
    "creationTimestamp": 1690833166292,
    "databaseType": "sql",
    "devDatabaseType": "h2Disk",
    "devServerPort": 4200,
    "dtoSuffix": "DTO",
    "enableGradleEnterprise": false,
    "enableHibernateCache": true,
    "enableSwaggerCodegen": false,
    "enableTranslation": true,
    "entities": [],
    "entitySuffix": "",
    "jhiPrefix": "jhi",
    "jhipsterVersion": "8.0.0-beta.2",
    "jwtSecretKey": "YTI2MmM0NTkxMDlmZTViMTU2Y2I4ZGY1NjYyNjJhMmQxYWUwYmEyMDFkZGYxOWRmZWNiMjU4NjI1ZDM1M2NkMDNiM2M3NzM3M2U2MTZmZTQ1NDRmMWI5YmE0ZGNlYzkyNjgxZWI0NGRiOWY3N2NiNzQ3OWJlZDA5NTZmMGQzZjc=",
    "languages": ["en"],
    "messageBroker": false,
    "nativeLanguage": "en",
    "packageFolder": "com/mycompany/myapp",
    "packageName": "com.backstage.jhipster",
    "pages": [],
    "prodDatabaseType": "postgresql",
    "reactive": false,
    "searchEngine": false,
    "serverPort": 5151,
    "serviceDiscoveryType": false,
    "skipCheckLengthOfIdentifier": false,
    "skipClient": false,
    "skipFakeData": false,
    "skipUserManagement": true,
    "testFrameworks": [],
    "useSass": true,
    "websocket": "no",
    "withAdminUi": false
  }
}
